{
    "pretrained_bert_768_32_1_dense":{
        "mae":0.15315542322932743,
        "mse":0.047797913426747954,
        "trainable":66978113
    },
    "lstm_24_24_250k_rows":{
        "mae":0.5817508957319908,
        "mse":0.6016878475227962,
        "trainable":369433
    },
    "cnn_16_16_16_conv_5_100k":{
        "mae":0.6187241266840414,
        "mse":0.8253552491681849,
        "trainable":1150937
    },
    "svm_svr":{
        "mae":1.0730384287036285,
        "mse":1.75280990416337
    },
    "xgboost_regressor": {
        "mae":1.0196412881645374,
        "mse":1.6578648239016047
    },
    "naive_model_mean": {
        "mae":1.005473062271632,
        "mse":1.7558734354349685
    }
}
