{
    "2dcnn_32_16_32_250k_rows":{
        "mae":0.5680952726348152,
        "mse":0.5631059948161442
    },
    "lstm_24_24_250k_rows":{
        "mae":0.5817508957319908,
        "mse":0.6016878475227962
    },
    "svm_svr":{
        "mae":1.0730384287036285,
        "mse":1.75280990416337
    },
    "xgboost_regressor": {
        "mae":1.0196412881645374,
        "mse":1.6578648239016047
    }
}